video,frame_name,frame_path,x_center,y_center,width,height,confidence
video_2,frame_0445.jpg,frames/video_2/frame_0445.jpg,297.09521484375,626.43408203125,27.1673583984375,21.43780517578125,0.32621732354164124
video_2,frame_1482.jpg,frames/video_2/frame_1482.jpg,1764.975830078125,48.44942092895508,21.7474365234375,19.837738037109375,0.25212347507476807
video_1,frame_0226.jpg,frames/video_1/frame_0226.jpg,1186.7374267578125,604.1845703125,31.16650390625,21.10418701171875,0.3194679319858551
video_1,frame_0232.jpg,frames/video_1/frame_0232.jpg,931.3469848632812,596.29833984375,31.247314453125,20.67938232421875,0.36536717414855957
video_1,frame_0240.jpg,frames/video_1/frame_0240.jpg,486.863525390625,571.0353393554688,28.11639404296875,21.784423828125,0.4605407416820526
video_1,frame_0245.jpg,frames/video_1/frame_0245.jpg,190.56881713867188,554.800537109375,33.51130676269531,19.99383544921875,0.2782740890979767
video_1,frame_0768.jpg,frames/video_1/frame_0768.jpg,1039.942626953125,529.1638793945312,16.1546630859375,12.7236328125,0.2859390377998352
